city,item,city_order_count,city_share,national_share,city_lift,city_rank,national_rank,is_local_favorite
Bangalore,Bageecha Pizza,332,0.0985,0.0816,1.207,1,1,0
Bangalore,Bone in Jamaican Grilled Chicken,149,0.0442,0.0429,1.03,2,3,0
Bangalore,Chilli Cheese Garlic Bread,148,0.0439,0.0458,0.959,3,2,0
Bangalore,Tripple Cheese Pizza,134,0.0397,0.0238,1.668,4,9,1
Bangalore,Herbed Potato,125,0.0371,0.0231,1.605,5,10,1
Bangalore,All About Chicken Pizza,123,0.0365,0.0427,0.855,6,4,0
Bangalore,Makhani Paneer Pizza,106,0.0314,0.038,0.827,7,5,0
Bangalore,Grilled Chicken Smoky BBQ Tender,97,0.0288,0.0102,2.82,8,30,1
Bangalore,Bone in Smoky Bbq Grilled Chicken,84,0.0249,0.0194,1.284,9,12,0
Bangalore,Margherita Pizza,80,0.0237,0.0351,0.676,10,6,0
Bangalore,Peri Peri Chicken Melt,74,0.0219,0.0084,2.598,11,34,1
Bangalore,Peri Peri Paneer Pizza,72,0.0214,0.0192,1.112,12,14,0
Bangalore,Murgh Amritsari Seekh Pizza,71,0.0211,0.0221,0.953,13,11,0
Bangalore,Cheesy Garlic Bread,68,0.0202,0.0302,0.668,14,7,0
Bangalore,Grilled Chicken Jamaican Tender,64,0.019,0.0153,1.238,15,19,0
Bangalore,Animal Fries,63,0.0187,0.0193,0.969,16,13,0
Bangalore,Masala Paneer Pide,53,0.0157,0.0177,0.889,17,16,0
Bangalore,Bone in Peri Peri Grilled Chicken,52,0.0154,0.0155,0.998,18,18,0
Bangalore,Bone in Angara Grilled Chicken,52,0.0154,0.0117,1.322,18,27,1
Bangalore,Jamaican Chicken Melt,52,0.0154,0.03,0.514,18,8,0
Bangalore,Mutton Seekh Pizza,52,0.0154,0.0068,2.276,18,42,1
Bangalore,Fried Chicken Peri Peri Tender,51,0.0151,0.0147,1.027,22,21,0
Bangalore,Murgh Amritsari Garlic Bread,49,0.0145,0.018,0.809,23,15,0
Bangalore,Pepperoni Garlic Bread,46,0.0136,0.008,1.699,24,35,0
Bangalore,Murgh Amritsari Seekh Pide,42,0.0125,0.0153,0.814,25,19,0
Bangalore,Masala Potato Pide,39,0.0116,0.0057,2.038,26,52,0
Bangalore,Mushroom Pizza,38,0.0113,0.0112,1.004,27,28,0
Bangalore,Fried Chicken Classic Tender,36,0.0107,0.0101,1.06,28,31,0
Bangalore,Mushroom Mozzarella Melt,36,0.0107,0.0139,0.766,28,23,0
Bangalore,Peri Peri Crisper Fries,35,0.0104,0.0132,0.786,30,25,0
Bangalore,Angara Paneer Melt,34,0.0101,0.0174,0.579,31,17,0
Bangalore,Spinach Sumac Pide,33,0.0098,0.0076,1.286,32,37,0
Bangalore,Just Pepperoni Pide,33,0.0098,0.0065,1.497,32,44,0
Bangalore,Bone in Kabuli Grilled Chicken,31,0.0092,0.0129,0.711,34,26,0
Bangalore,Just Pepperoni Pizza,30,0.0089,0.0141,0.632,35,22,0
Bangalore,Bone in Jamaican Grilled Chicken Quarter + Angara Rice,29,0.0086,0.0033,2.589,36,64,0
Bangalore,Peri Peri Grilled Chicken Pizza,28,0.0083,0.0108,0.771,37,29,0
Bangalore,Grilled Chicken Angara Tender,27,0.008,0.0063,1.265,38,47,0
Bangalore,Grilled Chicken Peri Peri Tender,27,0.008,0.0088,0.906,38,33,0
Bangalore,Peri Peri Fries,26,0.0077,0.0076,1.013,40,37,0
Bangalore,Tipsy Tiger Fresh Lime Soda,25,0.0074,0.006,1.227,41,50,0
Bangalore,Salted Crisper Fries,24,0.0071,0.0056,1.26,42,53,0
Bangalore,Malai Gud Pide,23,0.0068,0.0058,1.185,43,51,0
Bangalore,Bellpepper Onion Pizza,21,0.0062,0.008,0.783,44,35,0
Bangalore,Salted Fries,20,0.0059,0.0065,0.907,45,44,0
Bangalore,OG Cheese Pide,20,0.0059,0.0068,0.869,45,42,0
Bangalore,Onion Rings,20,0.0059,0.0075,0.793,45,39,0
Bangalore,Tipsy Tiger Ginger Ale,19,0.0056,0.003,1.906,48,67,0
Bangalore,Murgh Amritsari Seekh Melt,19,0.0056,0.0134,0.422,48,24,0
Bangalore,Fried Chicken Strips,19,0.0056,0.0062,0.905,48,49,0
Bangalore,Fried Chicken Angara Tender,18,0.0053,0.0093,0.575,51,32,0
Bangalore,Chicken Pepperoni Pizza,18,0.0053,0.0071,0.75,51,41,0
Bangalore,Mutton Seekh Pide,15,0.0044,0.0073,0.61,53,40,0
Bangalore,Indian Masala Fries,14,0.0042,0.0038,1.08,54,59,0
Bangalore,Bacon Pepperoni Melt,14,0.0042,0.0036,1.167,54,60,0
Bangalore,Indian Masala Cripser Fries,14,0.0042,0.0048,0.858,54,55,0
Bangalore,Garlic Aioli,13,0.0039,0.0065,0.59,57,44,0
Bangalore,Fried Chicken Beast AAC Burger,13,0.0039,0.0034,1.125,57,62,0
Bangalore,Fried Chicken Ghostbuster Tender,11,0.0033,0.0063,0.515,59,47,0
Bangalore,Desi Chicken Pepperoni Pizza,11,0.0033,0.0033,0.99,59,64,0
Bangalore,Grilled Tangdis,11,0.0033,0.005,0.653,59,54,0
Bangalore,Grilled Chicken Jamaican Tangdi,10,0.003,0.0036,0.834,62,60,0
Bangalore,Angara Rice,10,0.003,0.0024,1.219,62,74,0
Bangalore,Grilled Chicken Peri Peri Tangdi,9,0.0027,0.0029,0.936,64,69,0
Bangalore,Harisa Mayo,9,0.0027,0.0025,1.052,64,72,0
Bangalore,Grilled Chicken Smoky BBQ Tangdi,9,0.0027,0.003,0.887,64,67,0
Bangalore,AAC Signature Fries,8,0.0024,0.0026,0.916,67,71,0
Bangalore,Mutton Smashed Burger,8,0.0024,0.0015,1.591,67,79,0
Bangalore,Indian Pico De-Gallo,7,0.0021,0.0017,1.221,69,78,0
Bangalore,Desi Pepperoni Pizza,7,0.0021,0.0042,0.499,69,57,0
Bangalore,AAC Special Slaw,7,0.0021,0.0011,1.936,69,91,0
Bangalore,Peanut Butter Chocolate Pide,7,0.0021,0.0028,0.742,69,70,0
Bangalore,Fried Chicken Kabuli Tender,7,0.0021,0.0034,0.611,69,62,0
Bangalore,Angara Grilled Paneer (8 pcs),7,0.0021,0.0015,1.417,69,79,0
Bangalore,Raw Masala Lemon Shikanji,7,0.0021,0.0014,1.526,69,83,0
Bangalore,Fried Chicken Tenders,7,0.0021,0.0042,0.499,69,57,0
Bangalore,Iced Green Tea - Peach,6,0.0018,0.0012,1.479,77,85,0
Bangalore,AAC Grilled Chicken Burger,6,0.0018,0.0047,0.376,77,56,0
Bangalore,Grilled Chicken Smoky Bbq Boneless Breast,6,0.0018,0.0007,2.721,77,107,0
Bangalore,Grilled Chicken Peri Peri Boneless Breast,6,0.0018,0.0006,3.092,77,114,0
Bangalore,Angara Aloo Tuk Tuki,5,0.0015,0.0008,1.89,81,103,0
Bangalore,Grilled Chicken Angara Tangdi,5,0.0015,0.0024,0.623,81,74,0
Bangalore,Brocolli Onion Pizza,5,0.0015,0.0006,2.577,81,114,0
Bangalore,Fried Chicken Classic Tenders + AAC Signature Fries,5,0.0015,0.0007,2.1,81,107,0
Bangalore,Classic Bacon Melt Tenderloin Burger,5,0.0015,0.0004,3.335,81,124,0
Bangalore,Peri Peri Paneer Melt,5,0.0015,0.0032,0.457,81,66,0
Bangalore,Grilled Chicken Tangdi,5,0.0015,0.0021,0.709,81,76,0
Bangalore,Grilled Chicken Angara Tenders + Salted Fries,4,0.0012,0.0008,1.564,88,103,0
Bangalore,Iced Green Tea - Mojito,4,0.0012,0.001,1.163,88,94,0
Bangalore,Animal Fries .,4,0.0012,0.0007,1.814,88,107,0
Bangalore,Harissa Mayo,4,0.0012,0.001,1.226,88,94,0
Bangalore,Grilled Chicken Jamaican Boneless Breast,4,0.0012,0.001,1.163,88,94,0
Bangalore,GhostBuster Sauce,3,0.0009,0.0012,0.756,93,85,0
Bangalore,Masala Omelette Pide,3,0.0009,0.0012,0.739,93,85,0
Bangalore,Crushed Papad,3,0.0009,0.0006,1.546,93,114,0
Bangalore,Mayonnaise,3,0.0009,0.0011,0.83,93,91,0
Bangalore,Kabuli Grilled Paneer (8 pcs),3,0.0009,0.0009,1.031,93,98,0
Bangalore,Grilled Chicken Tangdi Jamaican + Salted Krispers,3,0.0009,0.0009,0.945,93,98,0
Bangalore,AAC Fried Chicken Burger,3,0.0009,0.0002,4.252,93,144,0
Bangalore,Coleslaw,3,0.0009,0.0007,1.215,93,107,0
Bangalore,Indian Salsa,3,0.0009,0.0012,0.739,93,85,0
Bangalore,Onion Bombs,2,0.0006,0.0011,0.527,102,91,0
Bangalore,India Dynamite sauce,2,0.0006,0.0005,1.26,102,120,0
Bangalore,Peri Peri Boneless Grilled Chicken Breast,2,0.0006,0.0005,1.08,102,120,0
Bangalore,Chicken 65 Boneless Grilled Chicken Breast,2,0.0006,0.0009,0.687,102,98,0
Bangalore,AAC Grilled Paneer Burger,2,0.0006,0.0009,0.687,102,98,0
Bangalore,Fried Chicken Peri Peri Tenders + Peri Peri Fries,2,0.0006,0.0019,0.319,102,77,0
Bangalore,Grilled Chicken Ghostbuster Tangdi,2,0.0006,0.0015,0.398,102,79,0
Bangalore,Grilled Chicken Jamaican Tender .,2,0.0006,0.0001,4.535,102,165,0
Bangalore,Fried Chicken Peri Peri Tender .,2,0.0006,0.0003,2.268,102,132,0
Bangalore,Peri Peri Fries .,2,0.0006,0.0004,1.62,102,124,0
Bangalore,Jamaican Sauce,2,0.0006,0.0012,0.504,102,85,0
Bangalore,Chicken Smashed Burger,2,0.0006,0.0003,2.061,102,132,0
Bangalore,Angara Boneless Grilled Chicken Breast,2,0.0006,0.0008,0.709,102,103,0
Bangalore,Loaded Jamaican Grilled Chicken Pizza,2,0.0006,0.0006,0.945,102,114,0
Bangalore,Tenderloin Smashed Burger,2,0.0006,0.0003,2.061,102,132,0
Bangalore,Cafreal dip,2,0.0006,0.0005,1.134,102,120,0
Bangalore,Combo For 1 - Veg,2,0.0006,0.0002,2.52,102,144,0
Bangalore,Grilled Chicken Angara Boneless Breast,2,0.0006,0.0006,1.031,102,114,0
Bangalore,Combo For 1 - Non Veg,2,0.0006,0.0003,1.89,102,132,0
Bangalore,Cheesy Veg Burger,2,0.0006,0.0002,2.835,102,144,0
Bangalore,Grilled Paneer Burger,2,0.0006,0.0003,2.061,102,132,0
Bangalore,Salted Krispers,1,0.0003,0.0002,1.89,123,144,0
Bangalore,AAC Signature Crisper Fries,1,0.0003,0.0015,0.192,123,79,0
Bangalore,Smoky BBQ Sauce,1,0.0003,0.0009,0.324,123,98,0
Bangalore,Dirty Indian Slaw,1,0.0003,0.0001,5.669,123,165,0
Bangalore,Grilled Chicken Smoky BBQ Tender .,1,0.0003,0.0001,2.268,123,165,0
Bangalore,Salted Fries .,1,0.0003,0.0003,1.031,123,132,0
Bangalore,Bone in Smoky Bbq Grilled Chicken .,1,0.0003,0.0003,0.872,123,132,0
Bangalore,Bone in Peri Peri Grilled Chicken .,1,0.0003,0.0002,1.417,123,144,0
Bangalore,Grilled Chicken Peri Peri Tender .,1,0.0003,0.0001,3.779,123,165,0
Bangalore,Chocolate Walnut Brownie,1,0.0003,0.0002,1.89,123,144,0
Bangalore,Dirty Indian Masala Fries,1,0.0003,0.0003,1.134,123,132,0
Bangalore,Grilled Chicken Dirty Burger,1,0.0003,0.001,0.298,123,94,0
Bangalore,Fried Chicken Dirty Burger,1,0.0003,0.0001,2.835,123,165,0
Bangalore,Red Rice,1,0.0003,0.0002,1.89,123,144,0
Bangalore,Cafreal Sauce,1,0.0003,0.0007,0.405,123,107,0
Bangalore,AAC Fried Paneer Burger,1,0.0003,0.0005,0.567,123,120,0
Bangalore,Very Peri Tenderloin Burger,1,0.0003,0.0001,5.669,123,165,0
Bangalore,Loaded Korean Grilled Chicken Pizza,1,0.0003,0.0007,0.436,123,107,0
Bangalore,Grilled Chicken Afghani Boneless Breast,1,0.0003,0.0004,0.81,123,124,0
Bangalore,Loaded Chicken Pepperoni Pizza,1,0.0003,0.0003,0.945,123,132,0
Bangalore,Fried Mushroom Burger,1,0.0003,0.0001,2.268,123,165,0
Bangalore,Dirty Saucy Fries,1,0.0003,0.0014,0.214,123,83,0
Delhi,Bageecha Pizza,1205,0.1032,0.0816,1.266,1,1,0
Delhi,All About Chicken Pizza,627,0.0537,0.0427,1.259,2,4,0
Delhi,Chilli Cheese Garlic Bread,563,0.0482,0.0458,1.054,3,2,0
Delhi,Makhani Paneer Pizza,493,0.0422,0.038,1.111,4,5,0
Delhi,Cheesy Garlic Bread,425,0.0364,0.0302,1.205,5,7,0
Delhi,Jamaican Chicken Melt,367,0.0314,0.03,1.047,6,8,0
Delhi,Margherita Pizza,358,0.0307,0.0351,0.874,7,6,0
Delhi,Bone in Jamaican Grilled Chicken,313,0.0268,0.0429,0.625,8,3,0
Delhi,Herbed Potato,285,0.0244,0.0231,1.057,9,10,0
Delhi,Murgh Amritsari Seekh Pizza,262,0.0224,0.0221,1.016,10,11,0
Delhi,Peri Peri Paneer Pizza,256,0.0219,0.0192,1.143,11,14,0
Delhi,Tripple Cheese Pizza,255,0.0218,0.0238,0.917,12,9,0
Delhi,Just Pepperoni Pizza,230,0.0197,0.0141,1.4,13,22,1
Delhi,Bone in Smoky Bbq Grilled Chicken,198,0.017,0.0194,0.874,14,12,0
Delhi,Mushroom Pizza,198,0.017,0.0112,1.512,14,28,1
Delhi,Peri Peri Grilled Chicken Pizza,178,0.0153,0.0108,1.415,16,29,1
Delhi,Peri Peri Crisper Fries,178,0.0153,0.0132,1.155,16,25,0
Delhi,Grilled Chicken Jamaican Tender,169,0.0145,0.0153,0.945,18,19,0
Delhi,Animal Fries,162,0.0139,0.0193,0.72,19,13,0
Delhi,Mushroom Mozzarella Melt,160,0.0137,0.0139,0.983,20,23,0
Delhi,Bone in Peri Peri Grilled Chicken,157,0.0135,0.0155,0.87,21,18,0
Delhi,Masala Paneer Pide,156,0.0134,0.0177,0.756,22,16,0
Delhi,Angara Paneer Melt,152,0.013,0.0174,0.748,23,17,0
Delhi,Murgh Amritsari Garlic Bread,149,0.0128,0.018,0.71,24,15,0
Delhi,Fried Chicken Peri Peri Tender,136,0.0117,0.0147,0.791,25,21,0
Delhi,Murgh Amritsari Seekh Melt,132,0.0113,0.0134,0.846,26,24,0
Delhi,Onion Rings,131,0.0112,0.0075,1.5,27,39,0
Delhi,Bellpepper Onion Pizza,115,0.0099,0.008,1.239,28,35,0
Delhi,Fried Chicken Classic Tender,111,0.0095,0.0101,0.944,29,31,0
Delhi,Chicken Pepperoni Pizza,109,0.0093,0.0071,1.313,30,41,0
Delhi,Grilled Chicken Smoky BBQ Tender,107,0.0092,0.0102,0.899,31,30,0
Delhi,Salted Fries,99,0.0085,0.0065,1.297,32,44,0
Delhi,Spinach Sumac Pide,99,0.0085,0.0076,1.114,32,37,0
Delhi,Garlic Aioli,96,0.0082,0.0065,1.258,34,44,0
Delhi,Peri Peri Fries,95,0.0081,0.0076,1.069,35,37,0
Delhi,Malai Gud Pide,93,0.008,0.0058,1.385,36,51,0
Delhi,Murgh Amritsari Seekh Pide,92,0.0079,0.0153,0.515,37,19,0
Delhi,Grilled Chicken Peri Peri Tender,84,0.0072,0.0088,0.814,38,33,0
Delhi,Salted Crisper Fries,83,0.0071,0.0056,1.259,39,53,0
Delhi,Fried Chicken Angara Tender,78,0.0067,0.0093,0.72,40,32,0
Delhi,Bone in Angara Grilled Chicken,77,0.0066,0.0117,0.566,41,27,0
Delhi,Fried Chicken Strips,74,0.0063,0.0062,1.019,42,49,0
Delhi,Bone in Kabuli Grilled Chicken,72,0.0062,0.0129,0.477,43,26,0
Delhi,Mutton Seekh Pizza,71,0.0061,0.0068,0.898,44,42,0
Delhi,Tipsy Tiger Fresh Lime Soda,69,0.0059,0.006,0.978,45,50,0
Delhi,Indian Masala Cripser Fries,69,0.0059,0.0048,1.222,45,55,0
Delhi,Mutton Seekh Pide,67,0.0057,0.0073,0.787,47,40,0
Delhi,Fried Chicken Ghostbuster Tender,64,0.0055,0.0063,0.866,48,47,0
Delhi,Desi Pepperoni Pizza,63,0.0054,0.0042,1.298,49,57,0
Delhi,AAC Grilled Chicken Burger,63,0.0054,0.0047,1.14,49,56,0
Delhi,Pepperoni Garlic Bread,62,0.0053,0.008,0.662,51,35,0
Delhi,Fried Chicken Tenders,61,0.0052,0.0042,1.257,52,57,0
Delhi,Grilled Tangdis,60,0.0051,0.005,1.029,53,54,0
Delhi,OG Cheese Pide,60,0.0051,0.0068,0.753,53,42,0
Delhi,Just Pepperoni Pide,55,0.0047,0.0065,0.721,55,44,0
Delhi,Masala Potato Pide,53,0.0045,0.0057,0.8,56,52,0
Delhi,Peri Peri Chicken Melt,53,0.0045,0.0084,0.538,56,34,0
Delhi,Peri Peri Paneer Melt,52,0.0045,0.0032,1.374,58,66,0
Delhi,Desi Chicken Pepperoni Pizza,51,0.0044,0.0033,1.326,59,64,0
Delhi,Grilled Chicken Jamaican Tangdi,48,0.0041,0.0036,1.156,60,60,0
Delhi,Indian Masala Fries,48,0.0041,0.0038,1.07,60,59,0
Delhi,Grilled Chicken Peri Peri Tangdi,46,0.0039,0.0029,1.382,62,69,0
Delhi,Fried Chicken Kabuli Tender,45,0.0039,0.0034,1.134,63,62,0
Delhi,Peanut Butter Chocolate Pide,42,0.0036,0.0028,1.286,64,70,0
Delhi,Grilled Chicken Smoky BBQ Tangdi,41,0.0035,0.003,1.168,65,67,0
Delhi,Grilled Chicken Angara Tender,41,0.0035,0.0063,0.555,65,47,0
Delhi,Bacon Pepperoni Melt,41,0.0035,0.0036,0.988,65,60,0
Delhi,Tipsy Tiger Ginger Ale,40,0.0034,0.003,1.16,68,67,0
Delhi,AAC Signature Fries,39,0.0033,0.0026,1.29,69,71,0
Delhi,Fried Chicken Beast AAC Burger,36,0.0031,0.0034,0.9,70,62,0
Delhi,Harisa Mayo,34,0.0029,0.0025,1.148,71,72,0
Delhi,Grilled Chicken Angara Tangdi,32,0.0027,0.0024,1.152,72,74,0
Delhi,Bone in Jamaican Grilled Chicken Quarter + Angara Rice,31,0.0027,0.0033,0.8,73,64,0
Delhi,Grilled Chicken Ghostbuster Tangdi,27,0.0023,0.0015,1.552,74,79,0
Delhi,Grilled Chicken Tangdi,27,0.0023,0.0021,1.106,74,76,0
Delhi,Angara Rice,25,0.0021,0.0024,0.881,76,74,0
Delhi,Harissa Mayo,25,0.0021,0.001,2.213,76,94,0
Delhi,AAC Saucy Fries,23,0.002,0.0025,0.785,78,72,0
Delhi,Fried Chicken Peri Peri Tenders + Peri Peri Fries,22,0.0019,0.0019,1.015,79,77,0
Delhi,Angara Sauce,22,0.0019,0.0012,1.638,79,85,0
Delhi,Indian Pico De-Gallo,21,0.0018,0.0017,1.058,81,78,0
Delhi,AAC Signature Crisper Fries,21,0.0018,0.0015,1.166,81,79,0
Delhi,Onion Bombs,17,0.0015,0.0011,1.295,83,91,0
Delhi,Indian Salsa,17,0.0015,0.0012,1.211,83,85,0
Delhi,Loaded Korean Grilled Chicken Pizza,17,0.0015,0.0007,2.142,83,107,0
Delhi,Smoky BBQ Sauce,16,0.0014,0.0009,1.498,86,98,0
Delhi,Raw Masala Lemon Shikanji,16,0.0014,0.0014,1.008,86,83,0
Delhi,Jamaican Sauce,15,0.0013,0.0012,1.092,88,85,0
Delhi,Angara Grilled Paneer (8 pcs),14,0.0012,0.0015,0.819,89,79,0
Delhi,Kabuli Grilled Paneer (8 pcs),13,0.0011,0.0009,1.29,90,98,0
Delhi,Grilled Chicken Jamaican Boneless Breast,13,0.0011,0.001,1.092,90,94,0
Delhi,Angara Boneless Grilled Chicken Breast,12,0.001,0.0008,1.228,92,103,0
Delhi,Mayonnaise,12,0.001,0.0011,0.959,92,91,0
Delhi,AAC Special Slaw,11,0.0009,0.0011,0.879,94,91,0
Delhi,GhostBuster Sauce,11,0.0009,0.0012,0.801,94,85,0
Delhi,Iced Green Tea - Mojito,11,0.0009,0.001,0.924,94,94,0
Delhi,Iced Green Tea - Peach,11,0.0009,0.0012,0.783,94,85,0
Delhi,AAC Grilled Paneer Burger,11,0.0009,0.0009,1.092,94,98,0
Delhi,Coleslaw,11,0.0009,0.0007,1.287,94,107,0
Delhi,Angara Aloo Tuk Tuki,10,0.0009,0.0008,1.092,100,103,0
Delhi,Cafreal Sauce,10,0.0009,0.0007,1.17,100,107,0
Delhi,Grilled Chicken Smoky Bbq Boneless Breast,10,0.0009,0.0007,1.31,100,107,0
Delhi,Loaded Jamaican Grilled Chicken Pizza,10,0.0009,0.0006,1.365,100,114,0
Delhi,India Dynamite sauce,9,0.0008,0.0005,1.638,104,120,0
Delhi,Masala Omelette Pide,9,0.0008,0.0012,0.641,104,85,0
Delhi,Smoky BBQ Boneless Grilled Chicken Breast,9,0.0008,0.0006,1.34,104,114,0
Delhi,Loaded Pork Pepperoni Pizza,9,0.0008,0.0008,1.017,104,103,0
Delhi,Fried Chicken Classic Tenders + AAC Signature Fries,8,0.0007,0.0007,0.971,108,107,0
Delhi,Crushed Papad,8,0.0007,0.0006,1.191,108,114,0
Delhi,Atomic Veg Burger,8,0.0007,0.0004,1.747,108,124,0
Delhi,Grilled Chicken Tangdi Jamaican + Salted Krispers,7,0.0006,0.0009,0.637,111,98,0
Delhi,Brocolli Onion Pizza,7,0.0006,0.0006,1.042,111,114,0
Delhi,AAC Fried Paneer Burger,7,0.0006,0.0005,1.147,111,120,0
Delhi,Bone in Jamaican Grilled Chicken .,7,0.0006,0.0007,0.849,111,107,0
Delhi,Animal Fries .,7,0.0006,0.0007,0.917,111,107,0
Delhi,Grilled Chicken Angara Tenders + Salted Fries,6,0.0005,0.0008,0.678,116,103,0
Delhi,Grlld Masala Fries,6,0.0005,0.0002,2.808,116,144,0
Delhi,Carribean Jerk Boneless Grilled Chicken Breast,6,0.0005,0.0004,1.156,116,124,0
Delhi,Chicken 65 Boneless Grilled Chicken Breast,6,0.0005,0.0009,0.596,116,98,0
Delhi,Loaded Chicken Pepperoni Pizza,6,0.0005,0.0003,1.638,116,132,0
Delhi,Grilled Chicken Peri Peri Boneless Breast,6,0.0005,0.0006,0.893,116,114,0
Delhi,Cafreal dip,5,0.0004,0.0005,0.819,122,120,0
Delhi,Grlld Vegetables,5,0.0004,0.0002,2.34,122,144,0
Delhi,Fried Chicken Classic Tender .,5,0.0004,0.0004,1.17,122,124,0
Delhi,Dynamite sauce,5,0.0004,0.0004,1.092,122,124,0
Delhi,Grilled Chicken Angara Boneless Breast,5,0.0004,0.0006,0.745,122,114,0
Delhi,Indian Honey Mustard sauce,4,0.0003,0.0002,1.456,127,144,0
Delhi,Malvani Boneless Grilled Chicken Breast,4,0.0003,0.0002,1.872,127,144,0
Delhi,Salted Fries .,4,0.0003,0.0003,1.191,127,132,0
Delhi,Peri Peri Boneless Grilled Chicken Breast,4,0.0003,0.0005,0.624,127,120,0
Delhi,Dirty Indian Masala Fries,4,0.0003,0.0003,1.31,127,132,0
Delhi,Grilled Chicken Dirty Burger,4,0.0003,0.001,0.345,127,94,0
Delhi,Grlld Potatoes,3,0.0003,0.0001,2.457,133,165,0
Delhi,Peri Peri Sauce,3,0.0003,0.0003,0.756,133,132,0
Delhi,Peri Peri Fries .,3,0.0003,0.0004,0.702,133,124,0
Delhi,Chilli Cheese Garlic Bread .,3,0.0003,0.0001,2.457,133,165,0
Delhi,Fried Chicken Kabuli Tender .,3,0.0003,0.0001,2.457,133,165,0
Delhi,Grilled Chicken Angara Tender .,3,0.0003,0.0002,1.404,133,144,0
Delhi,Honey Mustard sauce,3,0.0003,0.0002,1.228,133,144,0
Delhi,Carribean Jerk Grilled Chicken Quarter,3,0.0003,0.0003,0.983,133,132,0
Delhi,Fried Chicken Beast Burger,3,0.0003,0.0002,1.638,133,144,0
Delhi,Grilled Chicken Afghani Boneless Breast,3,0.0003,0.0004,0.702,133,124,0
Delhi,Dirty Saucy Chicken Loaded Fries,3,0.0003,0.0004,0.702,133,124,0
Delhi,Chicken Smashed Burger,3,0.0003,0.0003,0.893,133,132,0
Delhi,Combo For 1 - Non Veg,3,0.0003,0.0003,0.819,133,132,0
Delhi,Salted Krispers,2,0.0002,0.0002,1.092,146,144,0
Delhi,Peri Peri Krispers,2,0.0002,0.0002,0.936,146,144,0
Delhi,Classic Bacon Melt Tenderloin Burger,2,0.0002,0.0004,0.385,146,124,0
Delhi,AAC Grilled Chicken Burger .,2,0.0002,0.0002,1.092,146,144,0
Delhi,Jamaican Chicken Melt .,2,0.0002,0.0001,2.184,146,165,0
Delhi,Makhani Paneer Pizza .,2,0.0002,0.0001,3.276,146,165,0
Delhi,Bone in Peri Peri Grilled Chicken .,2,0.0002,0.0002,0.819,146,144,0
Delhi,Malvani Grilled Chicken Quarter,2,0.0002,0.0001,3.276,146,165,0
Delhi,Cheesy Veg Burger,2,0.0002,0.0002,0.819,146,144,0
Delhi,Korean Fried Chicken Burger,2,0.0002,0.0001,1.31,146,165,0
Delhi,Grilled Paneer Burger,2,0.0002,0.0003,0.596,146,132,0
Delhi,Mutton Smashed Burger,2,0.0002,0.0015,0.115,146,79,0
Delhi,AAC Signature Krispers,1,0.0001,0.0002,0.546,158,144,0
Delhi,Signature Smashed Tenderloin Burger,1,0.0001,0.0,3.276,158,215,0
Delhi,Chicken 69,1,0.0001,0.0001,0.819,158,165,0
Delhi,OG Cheese Burger,1,0.0001,0.0,3.276,158,215,0
Delhi,Dirty Grilled Paneer Burger,1,0.0001,0.0002,0.546,158,144,0
Delhi,Fire Alarm Tenderloin Burger,1,0.0001,0.0,3.276,158,215,0
Delhi,Peri Peri Grilled Chicken Tangdi (4pcs),1,0.0001,0.0001,1.092,158,165,0
Delhi,Chocolate Walnut Brownie,1,0.0001,0.0002,0.546,158,144,0
Delhi,Bageecha Pizza .,1,0.0001,0.0001,1.092,158,165,0
Delhi,Fried Chicken Peri Peri Tender .,1,0.0001,0.0003,0.328,158,132,0
Delhi,Bone in Smoky Bbq Grilled Chicken .,1,0.0001,0.0003,0.252,158,132,0
Delhi,Grilled Chicken Peri Peri Tender .,1,0.0001,0.0001,1.092,158,165,0
Delhi,Bone in Angara Grilled Chicken .,1,0.0001,0.0001,0.819,158,165,0
Delhi,Chicken Smashed Burgers .,1,0.0001,0.0001,1.638,158,165,0
Delhi,Classic Bacon Melt Tenderloin Burger .,1,0.0001,0.0,3.276,158,215,0
Delhi,Paneer 65 Paneer Steak,1,0.0001,0.0,3.276,158,215,0
Delhi,Angara Paneer Steak,1,0.0001,0.0,3.276,158,215,0
Delhi,Grilled Chicken Smoky BBQ Tender .,1,0.0001,0.0001,0.655,158,165,0
Delhi,Angara Grilled Chicken Quarter,1,0.0001,0.0001,1.638,158,165,0
Delhi,Chicken 65 Grilled Chicken Quarter,1,0.0001,0.0001,0.819,158,165,0
Delhi,Smoky BBQ Grilled Chicken Tangdi (4pcs),1,0.0001,0.0001,1.638,158,165,0
Delhi,Smoky BBQ Grilled Chicken Quarter,1,0.0001,0.0001,1.638,158,165,0
Delhi,Peri Peri dip,1,0.0001,0.0001,1.638,158,165,0
Delhi,Red Rice,1,0.0001,0.0002,0.546,158,144,0
Delhi,Tenderloin Smashed Double Burger,1,0.0001,0.0001,1.638,158,165,0
Delhi,Combo For 1,1,0.0001,0.0001,1.638,158,165,0
Delhi,Fried Paneer Angara Slider,1,0.0001,0.0001,0.819,158,165,0
Delhi,Grilled Paneer Afghani Slider,1,0.0001,0.0,3.276,158,215,0
Delhi,Combo For 1 - Veg,1,0.0001,0.0002,0.364,158,144,0
Delhi,Og Cheese Burger,1,0.0001,0.0001,1.638,158,165,0
Delhi,Dirty Saucy Fries,1,0.0001,0.0014,0.062,158,83,0
Hyderabad,Bageecha Pizza,717,0.0673,0.0816,0.825,1,1,0
Hyderabad,Bone in Jamaican Grilled Chicken,561,0.0526,0.0429,1.227,2,3,0
Hyderabad,Makhani Paneer Pizza,469,0.044,0.038,1.158,3,5,0
Hyderabad,Chilli Cheese Garlic Bread,441,0.0414,0.0458,0.904,4,2,0
Hyderabad,Margherita Pizza,427,0.0401,0.0351,1.141,5,6,0
Hyderabad,All About Chicken Pizza,359,0.0337,0.0427,0.789,6,4,0
Hyderabad,Jamaican Chicken Melt,345,0.0324,0.03,1.078,7,8,0
Hyderabad,Cheesy Garlic Bread,301,0.0282,0.0302,0.935,8,7,0
Hyderabad,Angara Paneer Melt,285,0.0267,0.0174,1.535,9,17,1
Hyderabad,Masala Paneer Pide,277,0.026,0.0177,1.47,10,16,1
Hyderabad,Murgh Amritsari Garlic Bread,253,0.0237,0.018,1.321,11,15,1
Hyderabad,Murgh Amritsari Seekh Pizza,249,0.0234,0.0221,1.057,12,11,0
Hyderabad,Bone in Smoky Bbq Grilled Chicken,239,0.0224,0.0194,1.155,13,12,0
Hyderabad,Murgh Amritsari Seekh Pide,239,0.0224,0.0153,1.465,13,19,1
Hyderabad,Tripple Cheese Pizza,225,0.0211,0.0238,0.886,15,9,0
Hyderabad,Bone in Angara Grilled Chicken,207,0.0194,0.0117,1.665,16,27,1
Hyderabad,Bone in Kabuli Grilled Chicken,207,0.0194,0.0129,1.503,16,26,1
Hyderabad,Murgh Amritsari Seekh Melt,203,0.019,0.0134,1.425,18,24,1
Hyderabad,Animal Fries,202,0.019,0.0193,0.983,19,13,0
Hyderabad,Herbed Potato,191,0.0179,0.0231,0.776,20,10,0
Hyderabad,Bone in Peri Peri Grilled Chicken,185,0.0174,0.0155,1.123,21,18,0
Hyderabad,Mushroom Mozzarella Melt,179,0.0168,0.0139,1.205,22,23,0
Hyderabad,Peri Peri Paneer Pizza,178,0.0167,0.0192,0.87,23,14,0
Hyderabad,Fried Chicken Peri Peri Tender,175,0.0164,0.0147,1.115,24,21,0
Hyderabad,Grilled Chicken Jamaican Tender,175,0.0164,0.0153,1.071,24,19,0
Hyderabad,Fried Chicken Classic Tender,135,0.0127,0.0101,1.258,26,31,0
Hyderabad,Fried Chicken Angara Tender,122,0.0114,0.0093,1.233,27,32,0
Hyderabad,Grilled Chicken Peri Peri Tender,120,0.0113,0.0088,1.273,28,33,0
Hyderabad,Grilled Chicken Angara Tender,103,0.0097,0.0063,1.527,29,47,0
Hyderabad,Just Pepperoni Pizza,102,0.0096,0.0141,0.68,30,22,0
Hyderabad,Peri Peri Crisper Fries,95,0.0089,0.0132,0.675,31,25,0
Hyderabad,Mutton Seekh Pide,91,0.0085,0.0073,1.17,32,40,0
Hyderabad,OG Cheese Pide,90,0.0084,0.0068,1.237,33,42,0
Hyderabad,Peri Peri Chicken Melt,90,0.0084,0.0084,0.999,33,34,0
Hyderabad,Fried Chicken Ghostbuster Tender,87,0.0082,0.0063,1.289,35,47,0
Hyderabad,Pepperoni Garlic Bread,86,0.0081,0.008,1.005,36,35,0
Hyderabad,Grilled Chicken Smoky BBQ Tender,85,0.008,0.0102,0.782,37,30,0
Hyderabad,Peri Peri Grilled Chicken Pizza,85,0.008,0.0108,0.74,37,29,0
Hyderabad,Mushroom Pizza,79,0.0074,0.0112,0.661,39,28,0
Hyderabad,Bellpepper Onion Pizza,76,0.0071,0.008,0.897,40,35,0
Hyderabad,Mutton Seekh Pizza,76,0.0071,0.0068,1.053,40,42,0
Hyderabad,Spinach Sumac Pide,74,0.0069,0.0076,0.912,42,37,0
Hyderabad,Chicken Pepperoni Pizza,74,0.0069,0.0071,0.976,42,41,0
Hyderabad,Masala Potato Pide,73,0.0068,0.0057,1.207,44,52,0
Hyderabad,Fried Chicken Strips,56,0.0053,0.0062,0.844,45,49,0
Hyderabad,Salted Fries,55,0.0052,0.0065,0.789,46,44,0
Hyderabad,Just Pepperoni Pide,53,0.005,0.0065,0.76,47,44,0
Hyderabad,Indian Masala Cripser Fries,52,0.0049,0.0048,1.008,48,55,0
Hyderabad,Garlic Aioli,51,0.0048,0.0065,0.732,49,44,0
Hyderabad,Peri Peri Fries,46,0.0043,0.0076,0.567,50,37,0
Hyderabad,Malai Gud Pide,44,0.0041,0.0058,0.717,51,51,0
Hyderabad,Salted Crisper Fries,42,0.0039,0.0056,0.697,52,53,0
Hyderabad,Fried Chicken Kabuli Tender,41,0.0038,0.0034,1.131,53,62,0
Hyderabad,Grilled Tangdis,41,0.0038,0.005,0.77,53,54,0
Hyderabad,Onion Rings,40,0.0038,0.0075,0.502,55,39,0
Hyderabad,AAC Grilled Chicken Burger,40,0.0038,0.0047,0.793,55,56,0
Hyderabad,Grilled Chicken Jamaican Tangdi,39,0.0037,0.0036,1.029,57,60,0
Hyderabad,Peri Peri Paneer Melt,37,0.0035,0.0032,1.07,58,66,0
Hyderabad,Tipsy Tiger Fresh Lime Soda,36,0.0034,0.006,0.559,59,50,0
Hyderabad,Fried Chicken Beast AAC Burger,30,0.0028,0.0034,0.821,60,62,0
Hyderabad,Grilled Chicken Smoky BBQ Tangdi,28,0.0026,0.003,0.873,61,67,0
Hyderabad,Bone in Jamaican Grilled Chicken Quarter + Angara Rice,27,0.0025,0.0033,0.763,62,64,0
Hyderabad,Grilled Chicken Angara Tangdi,26,0.0024,0.0024,1.025,63,74,0
Hyderabad,Peanut Butter Chocolate Pide,26,0.0024,0.0028,0.872,63,70,0
Hyderabad,Fried Chicken Tenders,26,0.0024,0.0042,0.587,63,57,0
Hyderabad,Fried Chicken Peri Peri Tenders + Peri Peri Fries,25,0.0023,0.0019,1.263,66,77,0
Hyderabad,Desi Chicken Pepperoni Pizza,25,0.0023,0.0033,0.712,66,64,0
Hyderabad,Angara Rice,23,0.0022,0.0024,0.887,68,74,0
Hyderabad,Desi Pepperoni Pizza,23,0.0022,0.0042,0.519,68,57,0
Hyderabad,AAC Saucy Fries,22,0.0021,0.0025,0.822,70,72,0
Hyderabad,Grilled Chicken Peri Peri Tangdi,22,0.0021,0.0029,0.724,70,69,0
Hyderabad,Bacon Pepperoni Melt,22,0.0021,0.0036,0.58,70,60,0
Hyderabad,Indian Masala Fries,21,0.002,0.0038,0.512,73,59,0
Hyderabad,Dirty Saucy Fries,21,0.002,0.0014,1.421,73,83,0
Hyderabad,GhostBuster Sauce,19,0.0018,0.0012,1.514,75,85,0
Hyderabad,AAC Signature Fries,18,0.0017,0.0026,0.652,76,71,0
Hyderabad,Angara Grilled Paneer (8 pcs),17,0.0016,0.0015,1.089,77,79,0
Hyderabad,Harisa Mayo,16,0.0015,0.0025,0.592,78,72,0
Hyderabad,Indian Pico De-Gallo,16,0.0015,0.0017,0.883,78,78,0
Hyderabad,Masala Omelette Pide,16,0.0015,0.0012,1.248,78,85,0
Hyderabad,Grilled Chicken Tangdi,16,0.0015,0.0021,0.717,78,76,0
Hyderabad,Angara Boneless Grilled Chicken Breast,15,0.0014,0.0008,1.681,82,103,0
Hyderabad,Tipsy Tiger Ginger Ale,13,0.0012,0.003,0.413,83,67,0
Hyderabad,Grilled Chicken Ghostbuster Tangdi,13,0.0012,0.0015,0.818,83,79,0
Hyderabad,Grilled Chicken Dirty Burger,13,0.0012,0.001,1.227,83,94,0
Hyderabad,Grilled Chicken Tangdi Jamaican + Salted Krispers,12,0.0011,0.0009,1.196,86,98,0
Hyderabad,Mutton Smashed Burger,12,0.0011,0.0015,0.755,86,79,0
Hyderabad,Chicken 65 Boneless Grilled Chicken Breast,10,0.0009,0.0009,1.087,88,98,0
Hyderabad,Angara Sauce,10,0.0009,0.0012,0.815,88,85,0
Hyderabad,AAC Grilled Paneer Burger,10,0.0009,0.0009,1.087,88,98,0
Hyderabad,Smoky BBQ Sauce,10,0.0009,0.0009,1.025,88,98,0
Hyderabad,Grilled Chicken Jamaican Boneless Breast,10,0.0009,0.001,0.92,88,94,0
Hyderabad,Jamaican Sauce,9,0.0008,0.0012,0.717,93,85,0
Hyderabad,Mayonnaise,9,0.0008,0.0011,0.787,93,91,0
Hyderabad,Smoky BBQ Boneless Grilled Chicken Breast,9,0.0008,0.0006,1.467,93,114,0
Hyderabad,Ooh Saucy Fries,9,0.0008,0.0003,2.935,93,132,0
Hyderabad,Kabuli Grilled Paneer (8 pcs),8,0.0008,0.0009,0.87,97,98,0
Hyderabad,Bone in Jamaican Grilled Chicken .,8,0.0008,0.0007,1.063,97,107,0
Hyderabad,Bone in Smoky Bbq Grilled Chicken .,8,0.0008,0.0003,2.207,97,132,0
Hyderabad,Indian Salsa,8,0.0008,0.0012,0.624,97,85,0
Hyderabad,Dynamite sauce,8,0.0008,0.0004,1.913,97,124,0
Hyderabad,Grilled Chicken Angara Boneless Breast,8,0.0008,0.0006,1.304,97,114,0
Hyderabad,AAC Special Slaw,7,0.0007,0.0011,0.612,103,91,0
Hyderabad,Iced Green Tea - Mojito,7,0.0007,0.001,0.644,103,94,0
Hyderabad,Carribean Jerk Boneless Grilled Chicken Breast,7,0.0007,0.0004,1.477,103,124,0
Hyderabad,Brocolli Onion Pizza,6,0.0006,0.0006,0.978,106,114,0
Hyderabad,Cafreal dip,6,0.0006,0.0005,1.076,106,120,0
Hyderabad,Onion Bombs,6,0.0006,0.0011,0.5,106,91,0
Hyderabad,Animal Fries .,6,0.0006,0.0007,0.861,106,107,0
Hyderabad,Raw Masala Lemon Shikanji,6,0.0006,0.0014,0.414,106,83,0
Hyderabad,Fried Chicken Classic Tenders + AAC Signature Fries,6,0.0006,0.0007,0.797,106,107,0
Hyderabad,Coleslaw,6,0.0006,0.0007,0.769,106,107,0
Hyderabad,Fried Chicken Tangdi - 2pcs,6,0.0006,0.0002,2.391,106,144,0
Hyderabad,Iced Green Tea - Peach,5,0.0005,0.0012,0.39,114,85,0
Hyderabad,AAC Fried Paneer Burger,5,0.0005,0.0005,0.897,114,120,0
Hyderabad,Fried Chicken Classic Tender .,5,0.0005,0.0004,1.281,114,124,0
Hyderabad,Fried Chicken Angara Tender .,5,0.0005,0.0002,2.562,114,144,0
Hyderabad,Classic Bacon Melt Tenderloin Burger,5,0.0005,0.0004,1.055,114,124,0
Hyderabad,Grilled Chicken Smoky Bbq Boneless Breast,5,0.0005,0.0007,0.717,114,107,0
Hyderabad,Grilled Chicken Afghani Boneless Breast,5,0.0005,0.0004,1.281,114,124,0
Hyderabad,Angara Aloo Tuk Tuki,4,0.0004,0.0008,0.478,121,103,0
Hyderabad,India Dynamite sauce,4,0.0004,0.0005,0.797,121,120,0
Hyderabad,Grilled Chicken Angara Tenders + Salted Fries,4,0.0004,0.0008,0.495,121,103,0
Hyderabad,Peri Peri Boneless Grilled Chicken Breast,4,0.0004,0.0005,0.683,121,120,0
Hyderabad,Grilled Chicken Peri Peri Boneless Breast,4,0.0004,0.0006,0.652,121,114,0
Hyderabad,Loaded Jamaican Grilled Chicken Pizza,4,0.0004,0.0006,0.598,121,114,0
Hyderabad,Dirty Grilled Paneer Burger,3,0.0003,0.0002,1.793,127,144,0
Hyderabad,AAC Signature Crisper Fries,3,0.0003,0.0015,0.182,127,79,0
Hyderabad,Peri Peri Sauce,3,0.0003,0.0003,0.828,127,132,0
Hyderabad,Atomic Veg Burger,3,0.0003,0.0004,0.717,127,124,0
Hyderabad,Bone in Angara Grilled Chicken .,3,0.0003,0.0001,2.69,127,165,0
Hyderabad,Fried Chicken Peri Peri Tender .,3,0.0003,0.0003,1.076,127,132,0
Hyderabad,Salted Fries .,3,0.0003,0.0003,0.978,127,132,0
Hyderabad,Tenderloin Smashed Burger,3,0.0003,0.0003,0.978,127,132,0
Hyderabad,Butter Chicken Grilled Burger,3,0.0003,0.0001,2.69,127,165,0
Hyderabad,Chicken 65 Grilled Chicken Quarter,3,0.0003,0.0001,2.69,127,165,0
Hyderabad,Fried Chicken Bites (Bone) - 4pcs,3,0.0003,0.0001,3.587,127,165,0
Hyderabad,Harissa Mayo,3,0.0003,0.001,0.291,127,94,0
Hyderabad,Red Rice,3,0.0003,0.0002,1.793,127,144,0
Hyderabad,Cous Cous,3,0.0003,0.0001,3.587,127,165,0
Hyderabad,Combo For 1 - Non Veg,3,0.0003,0.0003,0.897,127,132,0
Hyderabad,Salted Krispers,2,0.0002,0.0002,1.196,142,144,0
Hyderabad,Chicken 69,2,0.0002,0.0001,1.793,142,165,0
Hyderabad,Crushed Papad,2,0.0002,0.0006,0.326,142,114,0
Hyderabad,Indian Honey Mustard sauce,2,0.0002,0.0002,0.797,142,144,0
Hyderabad,Peri Peri Fries .,2,0.0002,0.0004,0.512,142,124,0
Hyderabad,Bageecha Pizza .,2,0.0002,0.0001,2.391,142,165,0
Hyderabad,Cafreal Sauce,2,0.0002,0.0007,0.256,142,107,0
Hyderabad,Bone in Peri Peri Grilled Chicken .,2,0.0002,0.0002,0.897,142,144,0
Hyderabad,Fried Chicken Beast Burger,2,0.0002,0.0002,1.196,142,144,0
Hyderabad,Dirty Indian Masala Fries,2,0.0002,0.0003,0.717,142,132,0
Hyderabad,Honey Mustard sauce,2,0.0002,0.0002,0.897,142,144,0
Hyderabad,Loaded Korean Grilled Chicken Pizza,2,0.0002,0.0007,0.276,142,107,0
Hyderabad,Mutton Smashed Double Burger,2,0.0002,0.0001,2.391,142,165,0
Hyderabad,Combo For 1 - Veg,2,0.0002,0.0002,0.797,142,144,0
Hyderabad,Desi Masala Fries,2,0.0002,0.0001,1.435,142,165,0
Hyderabad,Fried Chicken Boneless Bites - 6pcs,2,0.0002,0.0002,0.897,142,144,0
Hyderabad,Peri Peri Crispers Fries,2,0.0002,0.0001,3.587,142,165,0
Hyderabad,Desi Masala Crispers Fries,2,0.0002,0.0001,3.587,142,165,0
Hyderabad,Fried Paneer Angara Slider,2,0.0002,0.0001,1.793,142,165,0
Hyderabad,Korean Fried Chicken Slider,2,0.0002,0.0001,3.587,142,165,0
Hyderabad,Peri Peri Krispers,1,0.0001,0.0002,0.512,162,144,0
Hyderabad,Malvani Boneless Grilled Chicken Breast,1,0.0001,0.0002,0.512,162,144,0
Hyderabad,Bangin' Soya Burger,1,0.0001,0.0001,1.793,162,165,0
Hyderabad,Dirty Masala Fries,1,0.0001,0.0,3.587,162,215,0
Hyderabad,Malvani Paneer Steak,1,0.0001,0.0,3.587,162,215,0
Hyderabad,Fried Chicken Kabuli Tender .,1,0.0001,0.0001,0.897,162,165,0
Hyderabad,Jamaican Chicken Melt .,1,0.0001,0.0001,1.196,162,165,0
Hyderabad,AAC Grilled Chicken Burger .,1,0.0001,0.0002,0.598,162,144,0
Hyderabad,Angara Grilled Chicken Tangdi (4pcs),1,0.0001,0.0001,1.793,162,165,0
Hyderabad,Grilled Chicken Angara Tender .,1,0.0001,0.0002,0.512,162,144,0
Hyderabad,Grilled Chicken Jamaican Tender .,1,0.0001,0.0001,0.717,162,165,0
Hyderabad,Fried Paneer Burger .,1,0.0001,0.0,3.587,162,215,0
Hyderabad,Atomic Veg Burger .,1,0.0001,0.0001,1.793,162,165,0
Hyderabad,Smoky BBQ Grilled Chicken Quarter,1,0.0001,0.0001,1.793,162,165,0
Hyderabad,AAC Fried Chicken Burger,1,0.0001,0.0002,0.448,162,144,0
Hyderabad,Grilled Chicken 69 Burger,1,0.0001,0.0,3.587,162,215,0
Hyderabad,Fried Chicken Dirty Burger,1,0.0001,0.0001,0.897,162,165,0
Hyderabad,Angara Grilled Chicken Quarter,1,0.0001,0.0001,1.793,162,165,0
Hyderabad,Loaded Pork Pepperoni Pizza,1,0.0001,0.0008,0.124,162,103,0
Hyderabad,Grilled Paneer Burger,1,0.0001,0.0003,0.326,162,132,0
Hyderabad,Chicken Smashed Burger,1,0.0001,0.0003,0.326,162,132,0
Hyderabad,Tenderloin Smashed Double Burger,1,0.0001,0.0001,1.793,162,165,0
Hyderabad,Loaded Chicken Pepperoni Pizza,1,0.0001,0.0003,0.299,162,132,0
Hyderabad,Grlld Vegetables,1,0.0001,0.0002,0.512,162,144,0
Hyderabad,Carribean Jerk dip,1,0.0001,0.0001,1.793,162,165,0
Hyderabad,Og Cheese Burger,1,0.0001,0.0001,1.793,162,165,0
Hyderabad,Cheesy Veg Burger,1,0.0001,0.0002,0.448,162,144,0
Hyderabad,Malvani Grilled Chicken Tangdi (4pcs),1,0.0001,0.0,3.587,162,215,0
Hyderabad,Carribean Jerk Grilled Chicken Quarter,1,0.0001,0.0003,0.359,162,132,0
Hyderabad,Fried Chicken Bites (Bone) - 8pcs,1,0.0001,0.0,3.587,162,215,0
Hyderabad,Peri Peri Ketchup,1,0.0001,0.0,3.587,162,215,0
Hyderabad,Fried Chicken Boneless Bites - 10pcs,1,0.0001,0.0,3.587,162,215,0
Hyderabad,Mint Mayonnaise,1,0.0001,0.0001,1.793,162,165,0
Hyderabad,Fried Chicken Tangdi - 4pcs,1,0.0001,0.0,3.587,162,215,0
Hyderabad,Fried Chicken Angara Slider,1,0.0001,0.0,3.587,162,215,0
Hyderabad,Grilled Paneer Angara Slider,1,0.0001,0.0001,1.196,162,165,0
Hyderabad,Ooh Masala Fries,1,0.0001,0.0,3.587,162,215,0
Hyderabad,Combo For 1,1,0.0001,0.0001,1.793,162,165,0
Hyderabad,Combo for 2 - Non Veg,1,0.0001,0.0001,0.897,162,165,0
Hyderabad,Combo for 2 - Veg,1,0.0001,0.0,3.587,162,215,0
Hyderabad,Combo for 4 - Veg,1,0.0001,0.0,3.587,162,215,0
Hyderabad,Fried Mushroom Burger,1,0.0001,0.0001,0.717,162,165,0
Hyderabad,Dirty Indian Masala Crisper Fries,1,0.0001,0.0001,1.793,162,165,0
Hyderabad,Smoky BBQ Grilled Chicken Tangdi (4pcs),1,0.0001,0.0001,1.793,162,165,0
Kolkata,Bageecha Pizza,238,0.1038,0.0816,1.273,1,1,0
Kolkata,Chilli Cheese Garlic Bread,114,0.0497,0.0458,1.087,2,2,0
Kolkata,Makhani Paneer Pizza,114,0.0497,0.038,1.309,2,5,1
Kolkata,All About Chicken Pizza,103,0.0449,0.0427,1.053,4,4,0
Kolkata,Bone in Jamaican Grilled Chicken,81,0.0353,0.0429,0.824,5,3,0
Kolkata,Margherita Pizza,80,0.0349,0.0351,0.994,6,6,0
Kolkata,Peri Peri Paneer Pizza,66,0.0288,0.0192,1.5,7,14,1
Kolkata,Tripple Cheese Pizza,66,0.0288,0.0238,1.208,7,9,0
Kolkata,Herbed Potato,66,0.0288,0.0231,1.247,7,10,0
Kolkata,Bone in Kabuli Grilled Chicken,60,0.0262,0.0129,2.026,10,26,1
Kolkata,Cheesy Garlic Bread,58,0.0253,0.0302,0.838,11,7,0
Kolkata,Murgh Amritsari Seekh Pizza,48,0.0209,0.0221,0.948,12,11,0
Kolkata,Jamaican Chicken Melt,42,0.0183,0.03,0.61,13,8,0
Kolkata,Bone in Smoky Bbq Grilled Chicken,41,0.0179,0.0194,0.922,14,12,0
Kolkata,Mushroom Mozzarella Melt,41,0.0179,0.0139,1.283,14,23,0
Kolkata,Masala Paneer Pide,37,0.0161,0.0177,0.913,16,16,0
Kolkata,Mushroom Pizza,35,0.0153,0.0112,1.361,17,28,1
Kolkata,Animal Fries,33,0.0144,0.0193,0.747,18,13,0
Kolkata,Angara Paneer Melt,32,0.014,0.0174,0.801,19,17,0
Kolkata,Peri Peri Crisper Fries,31,0.0135,0.0132,1.024,20,25,0
Kolkata,Murgh Amritsari Garlic Bread,31,0.0135,0.018,0.753,20,15,0
Kolkata,Grilled Chicken Jamaican Tender,30,0.0131,0.0153,0.854,22,19,0
Kolkata,Peri Peri Fries,26,0.0113,0.0076,1.49,23,37,0
Kolkata,Just Pepperoni Pizza,26,0.0113,0.0141,0.806,23,22,0
Kolkata,Grilled Chicken Peri Peri Tender,25,0.0109,0.0088,1.234,25,33,0
Kolkata,Murgh Amritsari Seekh Pide,25,0.0109,0.0153,0.713,25,19,0
Kolkata,Onion Rings,25,0.0109,0.0075,1.458,25,39,0
Kolkata,OG Cheese Pide,24,0.0105,0.0068,1.534,28,42,0
Kolkata,Bone in Peri Peri Grilled Chicken,23,0.01,0.0155,0.649,29,18,0
Kolkata,Peri Peri Grilled Chicken Pizza,23,0.01,0.0108,0.931,29,29,0
Kolkata,Bone in Angara Grilled Chicken,22,0.0096,0.0117,0.823,31,27,0
Kolkata,Tipsy Tiger Fresh Lime Soda,22,0.0096,0.006,1.589,31,50,0
Kolkata,Fried Chicken Angara Tender,21,0.0092,0.0093,0.987,33,32,0
Kolkata,Fried Chicken Ghostbuster Tender,20,0.0087,0.0063,1.379,34,47,0
Kolkata,Fried Chicken Peri Peri Tender,20,0.0087,0.0147,0.593,34,21,0
Kolkata,Spinach Sumac Pide,20,0.0087,0.0076,1.146,34,37,0
Kolkata,Murgh Amritsari Seekh Melt,20,0.0087,0.0134,0.653,34,24,0
Kolkata,Fried Chicken Strips,19,0.0083,0.0062,1.332,38,49,0
Kolkata,Salted Fries,19,0.0083,0.0065,1.268,38,44,0
Kolkata,Pepperoni Garlic Bread,17,0.0074,0.008,0.924,40,35,0
Kolkata,Bellpepper Onion Pizza,17,0.0074,0.008,0.933,40,35,0
Kolkata,Peri Peri Chicken Melt,16,0.007,0.0084,0.826,42,34,0
Kolkata,Chicken Pepperoni Pizza,15,0.0065,0.0071,0.92,43,41,0
Kolkata,Grilled Chicken Smoky BBQ Tender,14,0.0061,0.0102,0.599,44,30,0
Kolkata,Indian Masala Fries,12,0.0052,0.0038,1.362,45,59,0
Kolkata,Malai Gud Pide,11,0.0048,0.0058,0.834,46,51,0
Kolkata,Just Pepperoni Pide,11,0.0048,0.0065,0.734,46,44,0
Kolkata,Tipsy Tiger Ginger Ale,11,0.0048,0.003,1.624,46,67,0
Kolkata,AAC Grilled Chicken Burger,11,0.0048,0.0047,1.014,46,56,0
Kolkata,Fried Chicken Beast AAC Burger,11,0.0048,0.0034,1.401,46,62,0
Kolkata,Mutton Seekh Pizza,11,0.0048,0.0068,0.708,46,42,0
Kolkata,Grilled Chicken Angara Tender,10,0.0044,0.0063,0.689,52,47,0
Kolkata,Fried Chicken Classic Tender,10,0.0044,0.0101,0.433,52,31,0
Kolkata,Angara Rice,10,0.0044,0.0024,1.794,52,74,0
Kolkata,Iced Green Tea - Peach,10,0.0044,0.0012,3.626,52,85,0
Kolkata,Desi Pepperoni Pizza,9,0.0039,0.0042,0.944,56,57,0
Kolkata,Salted Crisper Fries,9,0.0039,0.0056,0.695,56,53,0
Kolkata,AAC Saucy Fries,8,0.0035,0.0025,1.39,58,72,0
Kolkata,Bone in Jamaican Grilled Chicken Quarter + Angara Rice,8,0.0035,0.0033,1.051,58,64,0
Kolkata,Mutton Seekh Pide,8,0.0035,0.0073,0.478,58,40,0
Kolkata,Grilled Chicken Angara Tangdi,8,0.0035,0.0024,1.466,58,74,0
Kolkata,Fried Chicken Tenders,8,0.0035,0.0042,0.839,58,57,0
Kolkata,Masala Potato Pide,7,0.0031,0.0057,0.538,63,52,0
Kolkata,Grilled Tangdis,7,0.0031,0.005,0.611,63,54,0
Kolkata,Fried Chicken Peri Peri Tenders + Peri Peri Fries,7,0.0031,0.0019,1.645,63,77,0
Kolkata,Garlic Aioli,6,0.0026,0.0065,0.4,66,44,0
Kolkata,Indian Masala Cripser Fries,6,0.0026,0.0048,0.541,66,55,0
Kolkata,Grilled Chicken Tangdi Jamaican + Salted Krispers,5,0.0022,0.0009,2.317,68,98,0
Kolkata,Peanut Butter Chocolate Pide,5,0.0022,0.0028,0.779,68,70,0
Kolkata,Grilled Chicken Jamaican Tangdi,5,0.0022,0.0036,0.613,68,60,0
Kolkata,Harisa Mayo,5,0.0022,0.0025,0.86,68,72,0
Kolkata,AAC Special Slaw,5,0.0022,0.0011,2.034,68,91,0
Kolkata,Tenderloin Smashed Burger,5,0.0022,0.0003,7.582,68,132,0
Kolkata,Raw Masala Lemon Shikanji,5,0.0022,0.0014,1.604,68,83,0
Kolkata,Angara Aloo Tuk Tuki,4,0.0017,0.0008,2.224,75,103,0
Kolkata,Crushed Papad,4,0.0017,0.0006,3.033,75,114,0
Kolkata,Iced Green Tea - Mojito,4,0.0017,0.001,1.711,75,94,0
Kolkata,Mayonnaise,4,0.0017,0.0011,1.627,75,91,0
Kolkata,Loaded Pork Pepperoni Pizza,4,0.0017,0.0008,2.301,75,103,0
Kolkata,Desi Chicken Pepperoni Pizza,3,0.0013,0.0033,0.397,80,64,0
Kolkata,Grilled Chicken Smoky BBQ Tangdi,3,0.0013,0.003,0.435,80,67,0
Kolkata,Indian Pico De-Gallo,3,0.0013,0.0017,0.77,80,78,0
Kolkata,Masala Omelette Pide,3,0.0013,0.0012,1.088,80,85,0
Kolkata,Peri Peri Boneless Grilled Chicken Breast,3,0.0013,0.0005,2.383,80,120,0
Kolkata,Bacon Pepperoni Melt,3,0.0013,0.0036,0.368,80,60,0
Kolkata,Chicken 65 Boneless Grilled Chicken Breast,3,0.0013,0.0009,1.516,80,98,0
Kolkata,Fried Chicken Kabuli Tender,3,0.0013,0.0034,0.385,80,62,0
Kolkata,Peri Peri Paneer Melt,3,0.0013,0.0032,0.404,80,66,0
Kolkata,Jamaican Sauce,3,0.0013,0.0012,1.112,80,85,0
Kolkata,Smoky BBQ Sauce,3,0.0013,0.0009,1.43,80,98,0
Kolkata,Mutton Smashed Burger,3,0.0013,0.0015,0.878,80,79,0
Kolkata,Grilled Chicken Tangdi,3,0.0013,0.0021,0.626,80,76,0
Kolkata,Angara Grilled Paneer (8 pcs),2,0.0009,0.0015,0.596,93,79,0
Kolkata,Onion Bombs,2,0.0009,0.0011,0.776,93,91,0
Kolkata,Fried Chicken Classic Tenders + AAC Signature Fries,2,0.0009,0.0007,1.236,93,107,0
Kolkata,Cafreal Sauce,2,0.0009,0.0007,1.191,93,107,0
Kolkata,Grilled Chicken Ghostbuster Tangdi,2,0.0009,0.0015,0.585,93,79,0
Kolkata,Animal Fries .,2,0.0009,0.0007,1.334,93,107,0
Kolkata,Brocolli Onion Pizza,2,0.0009,0.0006,1.516,93,114,0
Kolkata,Classic Bacon Melt Tenderloin Burger,2,0.0009,0.0004,1.962,93,124,0
Kolkata,Kabuli Grilled Paneer (8 pcs),2,0.0009,0.0009,1.011,93,98,0
Kolkata,Peri Peri Fries .,2,0.0009,0.0004,2.383,93,124,0
Kolkata,Bone in Jamaican Grilled Chicken .,2,0.0009,0.0007,1.236,93,107,0
Kolkata,Angara Sauce,2,0.0009,0.0012,0.758,93,85,0
Kolkata,Grilled Paneer Burger,2,0.0009,0.0003,3.033,93,132,0
Kolkata,Angara Boneless Grilled Chicken Breast,2,0.0009,0.0008,1.043,93,103,0
Kolkata,Carribean Jerk Boneless Grilled Chicken Breast,2,0.0009,0.0004,1.962,93,124,0
Kolkata,Grilled Chicken Angara Tenders + Salted Fries,2,0.0009,0.0008,1.15,93,103,0
Kolkata,Grilled Chicken Angara Boneless Breast,2,0.0009,0.0006,1.516,93,114,0
Kolkata,Smoky BBQ Boneless Grilled Chicken Breast,2,0.0009,0.0006,1.516,93,114,0
Kolkata,Indian Salsa,2,0.0009,0.0012,0.725,93,85,0
Kolkata,Fried Chicken Boneless Bites - 6pcs,2,0.0009,0.0002,4.17,93,144,0
Kolkata,Ooh Saucy Fries,2,0.0009,0.0003,3.033,93,132,0
Kolkata,Dirty Indian Soya Chunks,1,0.0004,0.0,16.681,114,215,0
Kolkata,Bangin' Soya Burger,1,0.0004,0.0001,8.34,114,165,0
Kolkata,Angara Grilled Chicken Tangdi (4pcs),1,0.0004,0.0001,8.34,114,165,0
Kolkata,India Dynamite sauce,1,0.0004,0.0005,0.927,114,120,0
Kolkata,BC Burger,1,0.0004,0.0001,8.34,114,165,0
Kolkata,Dirty Grilled Paneer Burger,1,0.0004,0.0002,2.78,114,144,0
Kolkata,Cafreal dip,1,0.0004,0.0005,0.834,114,120,0
Kolkata,Chilli Cheese Garlic Bread .,1,0.0004,0.0001,4.17,114,165,0
Kolkata,Indian Honey Mustard sauce,1,0.0004,0.0002,1.853,114,144,0
Kolkata,Grilled Chicken Smoky BBQ Tender .,1,0.0004,0.0001,3.336,114,165,0
Kolkata,Grilled Chicken Angara Tender .,1,0.0004,0.0002,2.383,114,144,0
Kolkata,Grilled Chicken Dirty Burger .,1,0.0004,0.0,16.681,114,215,0
Kolkata,Grilled Paneer Burger .,1,0.0004,0.0,16.681,114,215,0
Kolkata,AAC Grilled Chicken Burger .,1,0.0004,0.0002,2.78,114,144,0
Kolkata,GhostBuster Sauce,1,0.0004,0.0012,0.371,114,85,0
Kolkata,Chocolate Walnut Brownie,1,0.0004,0.0002,2.78,114,144,0
Kolkata,Grilled Chicken Dirty Burger,1,0.0004,0.001,0.439,114,94,0
Kolkata,AAC Fried Paneer Burger,1,0.0004,0.0005,0.834,114,120,0
Kolkata,Grilled Chicken Peri Peri Tangdi,1,0.0004,0.0029,0.153,114,69,0
Kolkata,Raw Mint Mojito Iced Tea,1,0.0004,0.0,16.681,114,215,0
Kolkata,Raw Peach Iced Tea,1,0.0004,0.0,16.681,114,215,0
Kolkata,AAC Signature Crisper Fries,1,0.0004,0.0015,0.283,114,79,0
Kolkata,AAC Grilled Paneer Burger,1,0.0004,0.0009,0.505,114,98,0
Kolkata,AAC Signature Fries,1,0.0004,0.0026,0.168,114,71,0
Kolkata,Coleslaw,1,0.0004,0.0007,0.596,114,107,0
Kolkata,Chicken Smashed Burger,1,0.0004,0.0003,1.516,114,132,0
Kolkata,Chicken Smashed Double Burger,1,0.0004,0.0001,8.34,114,165,0
Kolkata,Mutton Smashed Double Burger,1,0.0004,0.0001,5.56,114,165,0
Kolkata,Dirty Indian Masala Fries,1,0.0004,0.0003,1.668,114,132,0
Kolkata,Honey Mustard sauce,1,0.0004,0.0002,2.085,114,144,0
Kolkata,Fried Chicken Dirty Burger,1,0.0004,0.0001,4.17,114,165,0
Kolkata,Dirty Saucy Fries,1,0.0004,0.0014,0.315,114,83,0
Kolkata,Desi Masala Fries,1,0.0004,0.0001,3.336,114,165,0
Kolkata,Fried Paneer Angara Slider,1,0.0004,0.0001,4.17,114,165,0
Kolkata,Red Rice,1,0.0004,0.0002,2.78,114,144,0
Kolkata,Grilled Chicken Afghani Boneless Breast,1,0.0004,0.0004,1.191,114,124,0
Kolkata,Combo For 1 - Veg,1,0.0004,0.0002,1.853,114,144,0
Kolkata,Combo For 1 - Non Veg,1,0.0004,0.0003,1.39,114,132,0
Kolkata,Fried Mushroom Burger,1,0.0004,0.0001,3.336,114,165,0
Kolkata,Grlld Masala Fries,1,0.0004,0.0002,2.383,114,144,0
Kolkata,Grilled Chicken Jamaican Boneless Breast,1,0.0004,0.001,0.428,114,94,0
Mumbai,Bageecha Pizza,603,0.0626,0.0816,0.767,1,1,0
Mumbai,Bone in Jamaican Grilled Chicken,496,0.0515,0.0429,1.201,2,3,0
Mumbai,Chilli Cheese Garlic Bread,448,0.0465,0.0458,1.016,3,2,0
Mumbai,All About Chicken Pizza,416,0.0432,0.0427,1.012,4,4,0
Mumbai,Margherita Pizza,380,0.0395,0.0351,1.124,5,6,0
Mumbai,Jamaican Chicken Melt,332,0.0345,0.03,1.148,6,8,0
Mumbai,Cheesy Garlic Bread,291,0.0302,0.0302,1.0,7,7,0
Mumbai,Makhani Paneer Pizza,256,0.0266,0.038,0.699,8,5,0
Mumbai,Animal Fries,255,0.0265,0.0193,1.373,9,13,1
Mumbai,Tripple Cheese Pizza,203,0.0211,0.0238,0.885,10,9,0
Mumbai,Murgh Amritsari Seekh Pizza,200,0.0208,0.0221,0.94,11,11,0
Mumbai,Herbed Potato,194,0.0201,0.0231,0.872,12,10,0
Mumbai,Murgh Amritsari Garlic Bread,192,0.0199,0.018,1.109,13,15,0
Mumbai,Murgh Amritsari Seekh Pide,173,0.018,0.0153,1.174,14,19,0
Mumbai,Fried Chicken Peri Peri Tender,168,0.0174,0.0147,1.185,15,21,0
Mumbai,Peri Peri Crisper Fries,161,0.0167,0.0132,1.266,16,25,0
Mumbai,Peri Peri Paneer Pizza,159,0.0165,0.0192,0.86,17,14,0
Mumbai,Bone in Smoky Bbq Grilled Chicken,157,0.0163,0.0194,0.84,18,12,0
Mumbai,Bone in Peri Peri Grilled Chicken,155,0.0161,0.0155,1.041,19,18,0
Mumbai,Just Pepperoni Pizza,150,0.0156,0.0141,1.107,20,22,0
Mumbai,Angara Paneer Melt,150,0.0156,0.0174,0.894,20,17,0
Mumbai,Grilled Chicken Jamaican Tender,135,0.014,0.0153,0.915,22,19,0
Mumbai,Masala Paneer Pide,133,0.0138,0.0177,0.781,23,16,0
Mumbai,Murgh Amritsari Seekh Melt,132,0.0137,0.0134,1.025,24,24,0
Mumbai,Mushroom Mozzarella Melt,114,0.0118,0.0139,0.849,25,23,0
Mumbai,Fried Chicken Angara Tender,105,0.0109,0.0093,1.174,26,32,0
Mumbai,Bone in Kabuli Grilled Chicken,105,0.0109,0.0129,0.844,26,26,0
Mumbai,Peri Peri Grilled Chicken Pizza,98,0.0102,0.0108,0.944,28,29,0
Mumbai,Mutton Seekh Pide,96,0.01,0.0073,1.366,29,40,0
Mumbai,Pepperoni Garlic Bread,94,0.0098,0.008,1.215,30,35,0
Mumbai,Just Pepperoni Pide,92,0.0096,0.0065,1.461,31,44,0
Mumbai,Peri Peri Fries,91,0.0094,0.0076,1.241,32,37,0
Mumbai,Fried Chicken Classic Tender,89,0.0092,0.0101,0.918,33,31,0
Mumbai,Peri Peri Chicken Melt,86,0.0089,0.0084,1.057,34,34,0
Mumbai,Grilled Chicken Smoky BBQ Tender,82,0.0085,0.0102,0.835,35,30,0
Mumbai,Garlic Aioli,81,0.0084,0.0065,1.286,36,44,0
Mumbai,Tipsy Tiger Fresh Lime Soda,79,0.0082,0.006,1.358,37,50,0
Mumbai,Bone in Angara Grilled Chicken,78,0.0081,0.0117,0.694,38,27,0
Mumbai,Mushroom Pizza,78,0.0081,0.0112,0.722,38,28,0
Mumbai,Grilled Chicken Peri Peri Tender,74,0.0077,0.0088,0.869,40,33,0
Mumbai,Bellpepper Onion Pizza,74,0.0077,0.008,0.966,40,35,0
Mumbai,Onion Rings,70,0.0073,0.0075,0.972,42,39,0
Mumbai,Grilled Tangdis,69,0.0072,0.005,1.434,43,54,0
Mumbai,Fried Chicken Strips,67,0.007,0.0062,1.118,44,49,0
Mumbai,OG Cheese Pide,65,0.0067,0.0068,0.989,45,42,0
Mumbai,Spinach Sumac Pide,58,0.006,0.0076,0.791,46,37,0
Mumbai,Salted Fries,57,0.0059,0.0065,0.905,47,44,0
Mumbai,Desi Pepperoni Pizza,57,0.0059,0.0042,1.423,47,57,0
Mumbai,Salted Crisper Fries,57,0.0059,0.0056,1.048,47,53,0
Mumbai,Grilled Chicken Angara Tender,56,0.0058,0.0063,0.919,50,47,0
Mumbai,Bacon Pepperoni Melt,56,0.0058,0.0036,1.635,50,60,0
Mumbai,AAC Grilled Chicken Burger,56,0.0058,0.0047,1.228,50,56,0
Mumbai,Chicken Pepperoni Pizza,54,0.0056,0.0071,0.788,53,41,0
Mumbai,Fried Chicken Tenders,53,0.0055,0.0042,1.323,54,57,0
Mumbai,Indian Masala Fries,51,0.0053,0.0038,1.377,55,59,0
Mumbai,Fried Chicken Ghostbuster Tender,48,0.005,0.0063,0.787,56,47,0
Mumbai,Malai Gud Pide,48,0.005,0.0058,0.866,56,51,0
Mumbai,Mutton Seekh Pizza,45,0.0047,0.0068,0.69,58,42,0
Mumbai,Indian Masala Cripser Fries,44,0.0046,0.0048,0.944,59,55,0
Mumbai,AAC Saucy Fries,37,0.0038,0.0025,1.53,60,72,0
Mumbai,Masala Potato Pide,37,0.0038,0.0057,0.677,60,52,0
Mumbai,Fried Chicken Beast AAC Burger,37,0.0038,0.0034,1.121,60,62,0
Mumbai,Desi Chicken Pepperoni Pizza,36,0.0037,0.0033,1.134,63,64,0
Mumbai,AAC Signature Fries,33,0.0034,0.0026,1.323,64,71,0
Mumbai,AAC Signature Crisper Fries,33,0.0034,0.0015,2.22,64,79,0
Mumbai,Fried Chicken Kabuli Tender,32,0.0033,0.0034,0.977,66,62,0
Mumbai,Harisa Mayo,32,0.0033,0.0025,1.31,66,72,0
Mumbai,Grilled Chicken Smoky BBQ Tangdi,32,0.0033,0.003,1.105,66,67,0
Mumbai,Grilled Chicken Peri Peri Tangdi,31,0.0032,0.0029,1.129,69,69,0
Mumbai,Bone in Jamaican Grilled Chicken Quarter + Angara Rice,30,0.0031,0.0033,0.938,70,64,0
Mumbai,Tipsy Tiger Ginger Ale,30,0.0031,0.003,1.054,70,67,0
Mumbai,Grilled Chicken Jamaican Tangdi,28,0.0029,0.0036,0.817,72,60,0
Mumbai,Mutton Smashed Burger,28,0.0029,0.0015,1.95,72,79,0
Mumbai,Peanut Butter Chocolate Pide,27,0.0028,0.0028,1.002,74,70,0
Mumbai,Peri Peri Paneer Melt,27,0.0028,0.0032,0.864,74,66,0
Mumbai,Grilled Chicken Tangdi,27,0.0028,0.0021,1.34,74,76,0
Mumbai,Dirty Saucy Fries,24,0.0025,0.0014,1.798,77,83,0
Mumbai,Angara Rice,23,0.0024,0.0024,0.982,78,74,0
Mumbai,Grilled Chicken Angara Tangdi,20,0.0021,0.0024,0.872,79,74,0
Mumbai,Indian Pico De-Gallo,18,0.0019,0.0017,1.099,80,78,0
Mumbai,Raw Masala Lemon Shikanji,18,0.0019,0.0014,1.374,80,83,0
Mumbai,Grilled Chicken Dirty Burger,17,0.0018,0.001,1.776,82,94,0
Mumbai,Jamaican Sauce,16,0.0017,0.0012,1.411,83,85,0
Mumbai,Fried Chicken Peri Peri Tenders + Peri Peri Fries,15,0.0016,0.0019,0.839,84,77,0
Mumbai,Onion Bombs,15,0.0016,0.0011,1.385,84,91,0
Mumbai,Indian Salsa,15,0.0016,0.0012,1.294,84,85,0
Mumbai,Loaded Pork Pepperoni Pizza,15,0.0016,0.0008,2.053,84,103,0
Mumbai,Angara Grilled Paneer (8 pcs),14,0.0015,0.0015,0.992,88,79,0
Mumbai,Iced Green Tea - Peach,13,0.0013,0.0012,1.122,89,85,0
Mumbai,Grilled Chicken Angara Tenders + Salted Fries,12,0.0012,0.0008,1.643,90,103,0
Mumbai,Iced Green Tea - Mojito,12,0.0012,0.001,1.221,90,94,0
Mumbai,Chicken 65 Boneless Grilled Chicken Breast,12,0.0012,0.0009,1.444,90,98,0
Mumbai,Mayonnaise,12,0.0012,0.0011,1.162,90,91,0
Mumbai,Grilled Chicken Ghostbuster Tangdi,12,0.0012,0.0015,0.836,90,79,0
Mumbai,Cafreal Sauce,11,0.0011,0.0007,1.56,95,107,0
Mumbai,GhostBuster Sauce,11,0.0011,0.0012,0.97,95,85,0
Mumbai,AAC Special Slaw,10,0.001,0.0011,0.968,97,91,0
Mumbai,Masala Omelette Pide,10,0.001,0.0012,0.863,97,85,0
Mumbai,Bone in Jamaican Grilled Chicken .,10,0.001,0.0007,1.47,97,107,0
Mumbai,Grilled Chicken Jamaican Boneless Breast,10,0.001,0.001,1.018,97,94,0
Mumbai,Grilled Chicken Tangdi Jamaican + Salted Krispers,9,0.0009,0.0009,0.992,101,98,0
Mumbai,Angara Sauce,9,0.0009,0.0012,0.812,101,85,0
Mumbai,Peri Peri Boneless Grilled Chicken Breast,8,0.0008,0.0005,1.512,103,120,0
Mumbai,Loaded Jamaican Grilled Chicken Pizza,8,0.0008,0.0006,1.323,103,114,0
Mumbai,Angara Aloo Tuk Tuki,7,0.0007,0.0008,0.926,105,103,0
Mumbai,Peri Peri Sauce,7,0.0007,0.0003,2.138,105,132,0
Mumbai,Dirty Saucy Chicken Loaded Fries,7,0.0007,0.0004,1.985,105,124,0
Mumbai,Coleslaw,7,0.0007,0.0007,0.992,105,107,0
Mumbai,AAC Grilled Paneer Burger,7,0.0007,0.0009,0.842,105,98,0
Mumbai,Cafreal dip,6,0.0006,0.0005,1.191,110,120,0
Mumbai,Kabuli Grilled Paneer (8 pcs),6,0.0006,0.0009,0.722,110,98,0
Mumbai,Carribean Jerk Grilled Chicken Quarter,6,0.0006,0.0003,2.382,110,132,0
Mumbai,Loaded Korean Grilled Chicken Pizza,6,0.0006,0.0007,0.916,110,107,0
Mumbai,AAC Signature Krispers,5,0.0005,0.0002,3.308,114,144,0
Mumbai,Crushed Papad,5,0.0005,0.0006,0.902,114,114,0
Mumbai,AAC Fried Paneer Burger,5,0.0005,0.0005,0.992,114,120,0
Mumbai,Smoky BBQ Sauce,5,0.0005,0.0009,0.567,114,98,0
Mumbai,Fried Chicken Classic Tenders + AAC Signature Fries,5,0.0005,0.0007,0.735,114,107,0
Mumbai,Animal Fries .,5,0.0005,0.0007,0.794,114,107,0
Mumbai,Grilled Chicken Angara Boneless Breast,5,0.0005,0.0006,0.902,114,114,0
Mumbai,Grilled Chicken Peri Peri Boneless Breast,5,0.0005,0.0006,0.902,114,114,0
Mumbai,Peri Peri Krispers,4,0.0004,0.0002,2.268,122,144,0
Mumbai,Peri Peri Fries .,4,0.0004,0.0004,1.134,122,124,0
Mumbai,Fried Chicken Peri Peri Tender .,4,0.0004,0.0003,1.588,122,132,0
Mumbai,Fried Chicken Classic Tender .,4,0.0004,0.0004,1.134,122,124,0
Mumbai,AAC Fried Chicken Burger,4,0.0004,0.0002,1.985,122,144,0
Mumbai,Atomic Veg Burger,4,0.0004,0.0004,1.059,122,124,0
Mumbai,Fried Chicken Boneless Bites - 6pcs,4,0.0004,0.0002,1.985,122,144,0
Mumbai,Chicken Smashed Burger,4,0.0004,0.0003,1.444,122,132,0
Mumbai,Carribean Jerk Grilled Chicken Tangdi (4pcs),4,0.0004,0.0001,3.97,122,165,0
Mumbai,Harissa Mayo,4,0.0004,0.001,0.429,122,94,0
Mumbai,Loaded Chicken Pepperoni Pizza,4,0.0004,0.0003,1.323,122,132,0
Mumbai,Chocolate Walnut Brownie,3,0.0003,0.0002,1.985,133,144,0
Mumbai,Bone in Smoky Bbq Grilled Chicken .,3,0.0003,0.0003,0.916,133,132,0
Mumbai,Salted Fries .,3,0.0003,0.0003,1.083,133,132,0
Mumbai,Classic Bacon Melt Tenderloin Burger,3,0.0003,0.0004,0.701,133,124,0
Mumbai,Korean Fried Chicken Burger,3,0.0003,0.0001,2.382,133,165,0
Mumbai,Fried Chicken Tangdi - 2pcs,3,0.0003,0.0002,1.323,133,144,0
Mumbai,Grilled Paneer Burger,3,0.0003,0.0003,1.083,133,132,0
Mumbai,Grilled Chicken Afghani Boneless Breast,3,0.0003,0.0004,0.851,133,124,0
Mumbai,Cheesy Veg Burger,3,0.0003,0.0002,1.489,133,144,0
Mumbai,Combo for 2 - Non Veg,3,0.0003,0.0001,2.977,133,165,0
Mumbai,Combo For 1 - Veg,3,0.0003,0.0002,1.323,133,144,0
Mumbai,Combo For 1 - Non Veg,3,0.0003,0.0003,0.992,133,132,0
Mumbai,Carribean Jerk Boneless Grilled Chicken Breast,2,0.0002,0.0004,0.467,145,124,0
Mumbai,Malvani Boneless Grilled Chicken Breast,2,0.0002,0.0002,1.134,145,144,0
Mumbai,Chicken 65 Grilled Chicken Tangdi (4pcs),2,0.0002,0.0001,3.97,145,165,0
Mumbai,Indian Honey Mustard sauce,2,0.0002,0.0002,0.882,145,144,0
Mumbai,Brocolli Onion Pizza,2,0.0002,0.0006,0.361,145,114,0
Mumbai,India Dynamite sauce,2,0.0002,0.0005,0.441,145,120,0
Mumbai,Fried Chicken Angara Tender .,2,0.0002,0.0002,1.134,145,144,0
Mumbai,Bone in Peri Peri Grilled Chicken .,2,0.0002,0.0002,0.992,145,144,0
Mumbai,Grilled Chicken Jamaican Tender .,2,0.0002,0.0001,1.588,145,165,0
Mumbai,Smoky BBQ dip,2,0.0002,0.0001,3.97,145,165,0
Mumbai,AAC Grilled Chicken Burger .,2,0.0002,0.0002,1.323,145,144,0
Mumbai,Grilled Chicken Angara Tender .,2,0.0002,0.0002,1.134,145,144,0
Mumbai,Grilled Chicken Smoky BBQ Tender .,2,0.0002,0.0001,1.588,145,165,0
Mumbai,Fried Mushroom Burger,2,0.0002,0.0001,1.588,145,165,0
Mumbai,Grilled Chicken Double Dirty Burger,2,0.0002,0.0001,3.97,145,165,0
Mumbai,Peri Peri Grilled Chicken Tangdi (4pcs),2,0.0002,0.0001,2.646,145,165,0
Mumbai,Honey Mustard sauce,2,0.0002,0.0002,0.992,145,144,0
Mumbai,Smoky BBQ Boneless Grilled Chicken Breast,2,0.0002,0.0006,0.361,145,114,0
Mumbai,Dynamite sauce,2,0.0002,0.0004,0.529,145,124,0
Mumbai,Grilled Chicken Smoky Bbq Boneless Breast,2,0.0002,0.0007,0.318,145,107,0
Mumbai,Dirty Indian Masala Fries,2,0.0002,0.0003,0.794,145,132,0
Mumbai,Desi Masala Fries,2,0.0002,0.0001,1.588,145,165,0
Mumbai,Salted Krispers,1,0.0001,0.0002,0.662,167,144,0
Mumbai,Angara Boneless Grilled Chicken Breast,1,0.0001,0.0008,0.124,167,103,0
Mumbai,Dirty Grilled Paneer Burger,1,0.0001,0.0002,0.662,167,144,0
Mumbai,BC Burger,1,0.0001,0.0001,1.985,167,165,0
Mumbai,Grlld Potatoes,1,0.0001,0.0001,0.992,167,165,0
Mumbai,Chicken 69,1,0.0001,0.0001,0.992,167,165,0
Mumbai,Carribean Jerk dip,1,0.0001,0.0001,1.985,167,165,0
Mumbai,Grilled Chicken Peri Peri Tender .,1,0.0001,0.0001,1.323,167,165,0
Mumbai,Atomic Veg Burger .,1,0.0001,0.0001,1.985,167,165,0
Mumbai,Dirty Saucy Chicken Loaded Fries .,1,0.0001,0.0,3.97,167,215,0
Mumbai,Chicken Smashed Burgers .,1,0.0001,0.0001,1.985,167,165,0
Mumbai,Tenderloin Smashed Burger,1,0.0001,0.0003,0.361,167,132,0
Mumbai,Butter Chicken Grilled Burger,1,0.0001,0.0001,0.992,167,165,0
Mumbai,Very Peri Tenderloin Burger,1,0.0001,0.0001,1.985,167,165,0
Mumbai,Chicken Smashed Double Burger,1,0.0001,0.0001,1.985,167,165,0
Mumbai,Peri Peri dip,1,0.0001,0.0001,1.985,167,165,0
Mumbai,Fried Chicken Dirty Burger,1,0.0001,0.0001,0.992,167,165,0
Mumbai,Peri Peri Grilled Chicken Quarter,1,0.0001,0.0,3.97,167,215,0
Mumbai,Grlld Vegetables,1,0.0001,0.0002,0.567,167,144,0
Mumbai,Mint Mayonnaise,1,0.0001,0.0001,1.985,167,165,0
Mumbai,Dirty Indian Masala Crisper Fries,1,0.0001,0.0001,1.985,167,165,0
Mumbai,Grilled Paneer Angara Slider,1,0.0001,0.0001,1.323,167,165,0
Mumbai,Fried Chicken Beast Burger,1,0.0001,0.0002,0.662,167,144,0
Mumbai,Fried Chicken Desi Peri Peri Bites (Bone),1,0.0001,0.0,3.97,167,215,0
Mumbai,Fried Chicken 65 Masala Boneless Bites,1,0.0001,0.0,3.97,167,215,0
Mumbai,Grilled Chicken Jamaican Slider,1,0.0001,0.0,3.97,167,215,0
Pune,Bone in Jamaican Grilled Chicken,40,0.0659,0.0429,1.536,1,3,1
Pune,Chilli Cheese Garlic Bread,36,0.0593,0.0458,1.296,2,2,0
Pune,Tripple Cheese Pizza,28,0.0461,0.0238,1.936,3,9,1
Pune,Bageecha Pizza,24,0.0395,0.0816,0.485,4,1,0
Pune,Bone in Smoky Bbq Grilled Chicken,23,0.0379,0.0194,1.952,5,12,1
Pune,Animal Fries,22,0.0362,0.0193,1.88,6,13,1
Pune,Herbed Potato,22,0.0362,0.0231,1.569,6,10,1
Pune,Masala Paneer Pide,20,0.0329,0.0177,1.863,8,16,1
Pune,Bone in Peri Peri Grilled Chicken,19,0.0313,0.0155,2.025,9,18,1
Pune,Bone in Kabuli Grilled Chicken,19,0.0313,0.0129,2.423,9,26,1
Pune,Margherita Pizza,17,0.028,0.0351,0.798,11,6,0
Pune,Makhani Paneer Pizza,15,0.0247,0.038,0.65,12,5,0
Pune,Murgh Amritsari Seekh Pizza,15,0.0247,0.0221,1.118,12,11,0
Pune,Murgh Amritsari Seekh Pide,14,0.0231,0.0153,1.507,14,19,1
Pune,Grilled Chicken Jamaican Tender,13,0.0214,0.0153,1.397,15,19,1
Pune,Fried Chicken Peri Peri Tender,13,0.0214,0.0147,1.454,15,21,1
Pune,Angara Paneer Melt,13,0.0214,0.0174,1.229,15,17,0
Pune,Murgh Amritsari Garlic Bread,13,0.0214,0.018,1.192,15,15,0
Pune,Cheesy Garlic Bread,12,0.0198,0.0302,0.654,19,7,0
Pune,Fried Chicken Ghostbuster Tender,12,0.0198,0.0063,3.123,19,47,1
Pune,Fried Chicken Angara Tender,11,0.0181,0.0093,1.952,21,32,0
Pune,Jamaican Chicken Melt,10,0.0165,0.03,0.549,22,8,0
Pune,Bone in Angara Grilled Chicken,10,0.0165,0.0117,1.412,22,27,0
Pune,Grilled Chicken Peri Peri Tender,8,0.0132,0.0088,1.491,24,33,0
Pune,Masala Potato Pide,8,0.0132,0.0057,2.322,24,52,0
Pune,Peri Peri Fries,7,0.0115,0.0076,1.515,26,37,0
Pune,Spinach Sumac Pide,7,0.0115,0.0076,1.515,26,37,0
Pune,AAC Saucy Fries,6,0.0099,0.0025,3.937,28,72,0
Pune,Grilled Chicken Jamaican Tangdi,6,0.0099,0.0036,2.779,28,60,0
Pune,Just Pepperoni Pide,6,0.0099,0.0065,1.512,28,44,0
Pune,Grilled Chicken Angara Tender,5,0.0082,0.0063,1.301,31,47,0
Pune,Murgh Amritsari Seekh Melt,5,0.0082,0.0134,0.616,31,24,0
Pune,Grilled Chicken Smoky BBQ Tender,5,0.0082,0.0102,0.808,31,30,0
Pune,Peri Peri Crisper Fries,5,0.0082,0.0132,0.624,31,25,0
Pune,Masala Omelette Pide,5,0.0082,0.0012,6.846,31,85,0
Pune,Dirty Saucy Fries,5,0.0082,0.0014,5.942,31,83,0
Pune,AAC Grilled Chicken Burger,5,0.0082,0.0047,1.74,31,56,0
Pune,All About Chicken Pizza,4,0.0066,0.0427,0.154,38,4,0
Pune,Fried Chicken Classic Tender,4,0.0066,0.0101,0.654,38,31,0
Pune,Dirty Saucy Chicken Loaded Fries,4,0.0066,0.0004,17.996,38,124,0
Pune,Fried Chicken Beast AAC Burger,4,0.0066,0.0034,1.923,38,62,0
Pune,Peri Peri Chicken Melt,4,0.0066,0.0084,0.78,38,34,0
Pune,Mutton Seekh Pizza,4,0.0066,0.0068,0.973,38,42,0
Pune,Fried Chicken Tenders,4,0.0066,0.0042,1.585,38,57,0
Pune,Mutton Smashed Burger,4,0.0066,0.0015,4.42,38,79,0
Pune,Grilled Tangdis,3,0.0049,0.005,0.989,46,54,0
Pune,Fried Chicken Strips,3,0.0049,0.0062,0.794,46,49,0
Pune,Mushroom Mozzarella Melt,3,0.0049,0.0139,0.355,46,23,0
Pune,Peri Peri Paneer Pizza,3,0.0049,0.0192,0.257,46,14,0
Pune,Garlic Aioli,3,0.0049,0.0065,0.756,46,44,0
Pune,Chicken Pepperoni Pizza,2,0.0033,0.0071,0.463,51,41,0
Pune,AAC Grilled Paneer Burger,2,0.0033,0.0009,3.817,51,98,0
Pune,Angara Grilled Paneer (8 pcs),2,0.0033,0.0015,2.249,51,79,0
Pune,Bone in Jamaican Grilled Chicken Quarter + Angara Rice,2,0.0033,0.0033,0.992,51,64,0
Pune,Grilled Chicken Dirty Burger,2,0.0033,0.001,3.315,51,94,0
Pune,Fried Chicken Kabuli Tender,2,0.0033,0.0034,0.969,51,62,0
Pune,Cafreal Sauce,2,0.0033,0.0007,4.499,51,107,0
Pune,OG Cheese Pide,2,0.0033,0.0068,0.483,51,42,0
Pune,Angara Rice,2,0.0033,0.0024,1.355,51,74,0
Pune,Mutton Seekh Pide,2,0.0033,0.0073,0.452,51,40,0
Pune,Pepperoni Garlic Bread,2,0.0033,0.008,0.41,51,35,0
Pune,Grilled Chicken Smoky BBQ Tangdi,2,0.0033,0.003,1.095,51,67,0
Pune,Grilled Chicken Smoky Bbq Boneless Breast,2,0.0033,0.0007,5.039,51,107,0
Pune,Grilled Chicken Tangdi,2,0.0033,0.0021,1.575,51,76,0
Pune,Indian Masala Fries,1,0.0016,0.0038,0.428,65,59,0
Pune,Onion Bombs,1,0.0016,0.0011,1.465,65,91,0
Pune,Angara Sauce,1,0.0016,0.0012,1.431,65,85,0
Pune,AAC Fried Paneer Burger,1,0.0016,0.0005,3.149,65,120,0
Pune,Kabuli Grilled Paneer (8 pcs),1,0.0016,0.0009,1.909,65,98,0
Pune,Iced Green Tea - Mojito,1,0.0016,0.001,1.615,65,94,0
Pune,Dirty Indian Slaw,1,0.0016,0.0001,31.493,65,165,0
Pune,Iced Green Tea - Peach,1,0.0016,0.0012,1.369,65,85,0
Pune,Fried Chicken Classic Tenders + AAC Signature Fries,1,0.0016,0.0007,2.333,65,107,0
Pune,Bellpepper Onion Pizza,1,0.0016,0.008,0.207,65,35,0
Pune,Animal Fries .,1,0.0016,0.0007,2.519,65,107,0
Pune,Harisa Mayo,1,0.0016,0.0025,0.649,65,72,0
Pune,Peri Peri Fries .,1,0.0016,0.0004,4.499,65,124,0
Pune,Salted Crisper Fries,1,0.0016,0.0056,0.292,65,53,0
Pune,AAC Special Slaw,1,0.0016,0.0011,1.536,65,91,0
Pune,Bone in Peri Peri Grilled Chicken .,1,0.0016,0.0002,7.873,65,144,0
Pune,Grilled Chicken Angara Tenders + Salted Fries,1,0.0016,0.0008,2.172,65,103,0
Pune,Indian Salsa,1,0.0016,0.0012,1.369,65,85,0
Pune,Harissa Mayo,1,0.0016,0.001,1.702,65,94,0
Pune,Mushroom Pizza,1,0.0016,0.0112,0.147,65,28,0
Pune,Malai Gud Pide,1,0.0016,0.0058,0.286,65,51,0
Pune,Grilled Chicken Ghostbuster Tangdi,1,0.0016,0.0015,1.105,65,79,0
Pune,Mayonnaise,1,0.0016,0.0011,1.536,65,91,0
Pune,Grilled Paneer Burger,1,0.0016,0.0003,5.726,65,132,0
Pune,Grilled Paneer Angara Slider,1,0.0016,0.0001,20.995,65,165,0
Pune,Grilled Chicken Jamaican Boneless Breast,1,0.0016,0.001,1.615,65,94,0
Pune,Grilled Chicken Peri Peri Boneless Breast,1,0.0016,0.0006,2.863,65,114,0
Pune,Grilled Chicken Afghani Boneless Breast,1,0.0016,0.0004,4.499,65,124,0
